{"A": [0.971949, -0.0440482, -0.0512878, -0.0440482, 1.03232, 0.00679035, -0.0512878, 0.00679035, 1.0013],
  "b": [63.0471, -1459.85, 4230.56],
  "mag_y": [1062, -4463, 4574], 
  "mag_x": [2650, -924, 5111],
  "mag_z": [175, -645, 7005]
}
