{
    "A": [
        -69.66526176,
        -11.30323869,
        0.55700976,
        -2.36047028,
        68.13065661,
        10.87511091,
        -6.62156167,
        -1.23558119,
        -72.59449867
    ],
    "b": [
        -1719.5,
        1640.68367347,
        987.32653061
    ]
}
